{
  "trumpLengthFactor": 8.897380106160632,
  "trumpTopFactor": 18.800450044656234,
  "trumpMidFactor": 6.844868937791404,
  "trumpLowFactor": 4.734654374789866,
  "trumpDoubleAceBonus": 23.147918116716653,
  "trumpDoubleKingBonus": 20.533494093817705,
  "trumpVoidFull": 33.22600733629584,
  "trumpVoidShort": 14.223318366711935,
  "trumpVoidShortish": 4.887066496928102,
  "trumpProtectedTrumpFactor": 0.9110298310238523,
  "trumpProtectedSideFactor": 0.4384751213771735,
  "trumpUnprotectedSidePenalty": 0.9198362647556892,
  "trumpQSpadesBonus": 15.381428229765353,
  "partnerAceScore": 51.56078681205129,
  "partnerKingScore": 18.42631478914007,
  "partnerQSpadesScore": 43.79977760196215,
  "partnerQueenScore": 16.47306461424791,
  "partnerJackScore": 8.667912643466318,
  "partnerTenScore": 4.01103039197633,
  "partnerLowPenalty": 20.97309042169327,
  "partnerTrumpBonus": 19.4490845228007,
  "partnerPointHalfWeight": 0.25634641240270634,
  "bidSelfCaptureFromPoints": 0.3682399435037208,
  "bidSelfCaptureFromTrump": 0.6589831367965356,
  "bidSelfCaptureFromTrumpScore": 0.44072742230388073,
  "bidSelfCaptureMaxFromScore": 79.80286523860757,
  "bidTrumpControlTopFactor": 11.251665670938541,
  "bidTrumpControlLongFactor": 6.225736660160812,
  "bidVoidBonusFull": 25.32834691699305,
  "bidVoidBonusShort": 3.586525116804305,
  "bidPartnerBonusBase": 19.85771403708372,
  "bidPartnerBonusFewAces": 13.877973101672847,
  "bidPartnerBonusNoQSpades": 8.757338386420638,
  "bidProtectionPerCard": 4.410638659145173,
  "bidRiskNoLong": 33.83273677935719,
  "bidRiskNoTopTrump": 9.06596545962602,
  "bidRiskBalanced": 8.58882916588817,
  "bidCap": 185.62572653195417,
  "bidCapExtraordinary": 227.90242243713007,
  "trumpSpendCostFactor": 0.5196813483005033,
  "trumpSpendCostHigh": 3.517486183185302,
  "trumpSpendCostAce": 4.054180636006251,
  "spendAceCost": 5.851018170954247,
  "spendKingCost": 2.524064750523865,
  "spendQueenCost": 2.1615464130466395,
  "qSpadesCommitBonus": 10.021155296184208,
  "qSpadesDumpPenalty": 32.4888607198053,
  "qSpadesCommitThreshold": 0.910712346272348,
  "smearBonusMul": 1.5837057084805701,
  "enemyFeedPenaltyMul": 1.5975895244818905,
  "cheapestWinnerPenaltyFactor": 1.6034060071213898,
  "bidPartnerCarryFloor": 185,
  "__meta": {
    "generation": 40,
    "fitness": 0.57
  }
}