{
  "trumpLengthFactor": 11.525118868909571,
  "trumpTopFactor": 17.40790834117394,
  "trumpMidFactor": 7.197762344721239,
  "trumpLowFactor": 2.533015672370894,
  "trumpDoubleAceBonus": 31.68588142270303,
  "trumpDoubleKingBonus": 32.27405039597673,
  "trumpVoidFull": 56.25918531612403,
  "trumpVoidShort": 11.664137146550821,
  "trumpVoidShortish": 9.13991611135972,
  "trumpProtectedTrumpFactor": 1.3342161510426396,
  "trumpProtectedSideFactor": 0.6043119087466853,
  "trumpUnprotectedSidePenalty": 0.8180510708061669,
  "trumpQSpadesBonus": 16.07637182161186,
  "partnerAceScore": 44.42311514595324,
  "partnerKingScore": 12.41010365190825,
  "partnerQSpadesScore": 42.434186896987015,
  "partnerQueenScore": 11.068272465295657,
  "partnerJackScore": 7.957376691970131,
  "partnerTenScore": 4.447986154151003,
  "partnerLowPenalty": 19.822773295155653,
  "partnerTrumpBonus": 12.619559795952213,
  "partnerPointHalfWeight": 0.5033424401151391,
  "bidSelfCaptureFromPoints": 0,
  "bidSelfCaptureFromTrump": 0.2775307222220784,
  "bidSelfCaptureFromTrumpScore": 0.48966718615784643,
  "bidSelfCaptureMaxFromScore": 135.3576650863018,
  "bidTrumpControlTopFactor": 10.605962885329808,
  "bidTrumpControlLongFactor": 3.626484640094154,
  "bidVoidBonusFull": 20.62546471242873,
  "bidVoidBonusShort": 4.032892950763955,
  "bidPartnerBonusBase": 13.632234256070479,
  "bidPartnerBonusFewAces": 18.022040964021336,
  "bidPartnerBonusNoQSpades": 10.447350489663407,
  "bidProtectionPerCard": 3.945641254459447,
  "bidRiskNoLong": 41.746432378053655,
  "bidRiskNoTopTrump": 6.608545941132515,
  "bidRiskBalanced": 6.32517119155315,
  "bidCap": 249.16764928021723,
  "bidCapExtraordinary": 278.9138652799755,
  "trumpSpendCostFactor": 0.7237040252935133,
  "trumpSpendCostHigh": 2.9705310795433113,
  "trumpSpendCostAce": 4.132895876923916,
  "spendAceCost": 8.32437130401066,
  "spendKingCost": 2.4630444972418672,
  "spendQueenCost": 1.3695802109285096,
  "qSpadesCommitBonus": 7.1435018004833,
  "qSpadesDumpPenalty": 45.334781524562764,
  "qSpadesCommitThreshold": 1.0195527463619007,
  "smearBonusMul": 0.894432545922496,
  "enemyFeedPenaltyMul": 1.8684979891565687,
  "cheapestWinnerPenaltyFactor": 1.0468183042044885,
  "voidCreateSingletonBonus": 28.814686737691027,
  "voidCreateDoubletonBonus": 5.415096688964811,
  "voidCreateTrumpGate": 1.3988607558190858,
  "inferSmearStrength": 0.5630736603324848,
  "inferSmearThreshold": 11.494539080362525,
  "inferAllyThreshold": 0.2799206756398075,
  "bidPartnerCarryFloor": 185,
  "__meta": {
    "generation": 100,
    "fitness": 0.5486666666666666,
    "mode": "multi-opp"
  }
}