{
  "w_voluntary_feed_to_caller": 0.0,
  "w_voluntary_q_spades_to_caller": 0.07335252393759506,
  "w_voluntary_feed_to_opposing": 0.30690814715043885,
  "w_withhold_from_caller": 0.016028534425047536,
  "w_withhold_from_opposing": 0.4218857737630541,
  "w_voluntary_trump_caller": 2.341500026724324,
  "w_voluntary_trump_opposing": 0.22301464598477563,
  "w_voluntary_steal_from_caller": 0.09632963398870813,
  "llr_clamp": 4.144797539058702
}